{"name":"All Web Site Data","id":"83738032|undefined","type":"custom","source":"google_analytics","dataByBrowser":{"ie":{"6":0,"7":0,"8":0.010460251046025104,"9":0.08368200836820083,"10":0.010460251046025104,"11":0.2719665271966527},"edge":{"12":0.05230125523012552,"13":0.690376569037657,"14":0.010460251046025104},"firefox":{"2":0,"3":0,"4":0,"5":0,"6":0,"7":0,"8":0,"9":0,"10":0,"11":0,"12":0,"13":0,"14":0,"15":0,"16":0,"17":0,"18":0,"19":0,"20":0.010460251046025104,"21":0,"22":0,"23":0.010460251046025104,"24":0.02092050209205021,"25":0.04184100418410042,"26":0,"27":0,"28":0.02092050209205021,"29":0.010460251046025104,"30":0,"31":0.07322175732217573,"32":0,"33":0.11506276150627616,"34":0,"35":0,"36":0,"37":0,"38":0.2719665271966527,"39":0.010460251046025104,"40":0.02092050209205021,"41":0.010460251046025104,"42":0.10460251046025104,"43":0.35564853556485354,"44":0.4916317991631799,"45":10.993723849372385,"46":2.709205020920502,"47":0.38702928870292885,"48":0.05230125523012552,"49":0,"3.5":0,"3.6":0},"chrome":{"4":0,"5":0,"6":0,"7":0,"8":0,"9":0,"10":0,"11":0.06276150627615062,"12":0,"13":0,"14":0,"15":0,"16":0.010460251046025104,"17":0.010460251046025104,"18":0,"19":0,"20":0,"21":0,"22":0,"23":0,"24":0,"25":0,"26":0,"27":0,"28":0,"29":0.010460251046025104,"30":0.32426778242677823,"31":0.08368200836820083,"32":0.09414225941422594,"33":0.010460251046025104,"34":0,"35":0.02092050209205021,"36":0.2510460251046025,"37":0,"38":0.010460251046025104,"39":0.6589958158995816,"40":0.14644351464435146,"41":0.07322175732217573,"42":0.06276150627615062,"43":0.09414225941422594,"44":0.14644351464435146,"45":0.04184100418410042,"46":0.10460251046025104,"47":0.7322175732217573,"48":1.4225941422594142,"49":27.751046025104603,"50":18.472803347280333,"51":0.35564853556485354,"52":0.08368200836820083,"53":0},"safari":{"4":0,"5":0,"6":0,"7":0.02092050209205021,"8":0.10460251046025104,"9":0.6589958158995816,"3.1":0,"3.2":0,"5.1":0,"6.1":0,"7.1":0,"9.1":2.1757322175732217,"TP":0},"opera":{"15":0,"16":0,"17":0,"18":0,"19":0,"20":0,"21":0,"22":0,"23":0,"24":0,"25":0,"26":0,"27":0,"28":0,"29":0,"30":0,"31":0,"32":0,"33":0,"34":0.010460251046025104,"35":0.010460251046025104,"36":2.259414225941423,"37":0.3138075313807531,"38":0,"39":0,"10.0-10.1":0,"11.5":0,"12.1":0.11506276150627616},"ios_saf":{"8":0.19874476987447698,"3.2":0,"4.0-4.1":0,"4.2-4.3":0,"5.0-5.1":0,"6.0-6.1":0.03138075313807531,"7.0-7.1":0.33472803347280333,"8.1-8.4":0.2615062761506276,"9.0-9.2":0.7740585774058577,"9.3":4.288702928870293},"op_mini":{"5.0-8.0":0.2510460251046025},"android":{"3":0,"4":0.03138075313807531,"50":0,"2.1":0,"2.2":0,"2.3":0,"4.1":0.06276150627615062,"4.2-4.3":0.2510460251046025,"4.4":0.03138075313807531,"4.4.3-4.4.4":0},"bb":{"7":0,"10":0},"op_mob":{"12":0.07322175732217573,"36":0.07322175732217573,"12.1":0.07322175732217573},"and_chr":{"50":17.039748953974897},"and_ff":{"46":0.41841004184100417},"ie_mob":{"10":0,"11":0},"and_uc":{"9.9":0}},"meta":{"start_date":"2016-04-10","end_date":"2016-05-10"},"uid":"custom.83738032|undefined"}